epoch,step,ppl,loss
0,2000064,2.225683660290909,0.02
0,2000064,1.9517647915627707,0.02
0,4000128,2.0309226953617054,0.01
0,2000064,2.829630817707296,0.05
