epoch,step,ppl,loss
0,2000064,1.8236140993730283,0.02
0,4000128,1.7146982801621602,0.01
