epoch,step,ppl,loss
0,2000064,1.7727483570609557,0.01
0,4000128,1.6907408387418366,0.01
