epoch,step,ppl,loss
0,2000064,2.225683660290909,0.02
0,2000064,1.9517647915627707,0.02
0,4000128,2.0309226953617054,0.01
0,2000064,2.829630817707296,0.05
0,4000128,2.653697337707761,0.04
0,6000192,2.571045894162842,0.04
0,2000064,1.8274043083010423,0.02
0,2000064,1.9065059427582993,0.02
0,2000064,1.8619496676758045,0.02
0,4000128,1.7876927152837265,0.01
0,4000128,1.7423659676099439,0.01
