epoch,step,ppl,loss
0,2000064,2.226123946456531,0.02
0,2000064,1.9584395217937622,0.02
