epoch,step,ppl,loss
0,2000064,2.25099505738771,0.02
0,4000128,1.9542440347931422,0.01
