epoch,step,ppl,loss
0,2000064,1.7867668110537203,0.01
0,4000128,1.6960150455948713,0.01
