epoch,step,ppl,loss
0,2000064,1.786856890536958,0.01
0,4000128,1.6918188459932912,0.01
