epoch,step,ppl,loss
0,2000064,1.7875453317197714,0.01
0,4000128,1.6993886760172954,0.01
