epoch,step,ppl,loss
0,2000064,1.7668595628086816,0.01
0,2000064,1.9372987649123545,0.02
0,4000128,1.6893545229813556,0.01
0,4000128,1.7829465083869562,0.01
