step,ppl,loss
100080,27.625787418804247,0.01
200160,6.931817751157995,0.01
300240,4.649372792025777,0.01
400320,3.3576731384947833,0.01
500400,3.0331583705900895,0.01
600480,2.806001403046617,0.02
