seed,train_stage,dev_cov,coverage,self_bleu,ppl
46,fine_tuning,91.05491810633016,90.4416001421257,"{'quagram': 0.34281124727968326, 'pentagram': 0.2111875454424549}",70.67169493838955
46,fine_tuning,92.80282117112404,92.73668860851257,"{'quagram': 0.3794580975141958, 'pentagram': 0.24314473275781878}",70.59766984607032
