seed,train_stage,dev_cov,coverage,self_bleu,ppl
42,fine_tuning,75.50041329125602,74.9637598862756,"{'quagram': 0.37590942228674873, 'pentagram': 0.2292075921709729}",56.009331935711835
